{
  "experiment_name": "miku_nerfstudio",
  "method_name": "splatfacto",
  "checkpoint": "outputs/miku_nerfstudio/splatfacto/2025-03-15_140022/nerfstudio_models/step-000029999.ckpt",
  "results": {
    "psnr": 24.334457397460938,
    "psnr_std": 0.8845679759979248,
    "ssim": 0.38598737120628357,
    "ssim_std": 0.026829194277524948,
    "lpips": 0.9063688516616821,
    "lpips_std": 0.055292870849370956,
    "num_rays_per_sec": 52355980.0,
    "num_rays_per_sec_std": 31584380.0,
    "fps": 34.75325012207031,
    "fps_std": 20.965320587158203
  }
}